run_id,date,symbol,action,shares,price,total,reasoning
,2026-06-11,HD,BUY,100,326.01,32601.00,"Home Depot has shown recent positive momentum with a 2.97% increase. It is a strong player in the home improvement sector, benefiting from ongoing home renovations."
,2026-06-11,JNJ,BUY,50,238.33,11916.50,"Johnson & Johnson has displayed resilience, with a recent positive change of 2.73%, making it a strong defensive option amid market volatility."
,2026-06-11,PG,BUY,50,148.34,7417.00,Procter & Gamble has shown positive movement of 2.72%. Its strong brand portfolio and essential consumer products help it maintain stability.
,2026-06-11,WMT,BUY,50,120.50,6025.00,"Walmart's role as a leading retailer provides solid fundamentals, and it experienced a recent strong performance in comparison to the market."
,2026-06-11,AAPL,BUY,10,295.63,2956.30,Strong fundamentals and a recent pullback create a buying opportunity for a reliable tech leader.
,2026-06-11,MSFT,BUY,7,390.34,2732.38,Microsoft's diversified services and cloud growth make it a solid long-term investment despite recent volatility.
,2026-06-11,NVDA,BUY,5,204.87,1024.35,"NVIDIA is a leader in AI and gaming, and recent price declines present a chance to enter before potential market rebounds."
,2026-06-11,TSLA,BUY,4,399.15,1596.60,Tesla has seen a pullback and is still poised for growth in the electric vehicle sector.
,2026-06-11,UNH,BUY,3,405.55,1216.65,UnitedHealth is a strong player in the healthcare sector with consistent performance and dividends.
,2026-06-11,AMZN,BUY,30,241.51,7245.30,Amazon is showing potential for recovery given its recent price drop and is considered a strong long-term play in e-commerce and cloud services.
,2026-06-11,GOOGL,BUY,10,357.77,3577.70,"Google's fundamentals remain strong, and its recent pullback presents a buying opportunity for a solid investment in digital advertising and cloud services."
,2026-06-11,JPM,BUY,10,313.49,3134.90,"JPMorgan Chase is a leading bank with a strong balance sheet that can withstand economic fluctuations, making it a good addition to the portfolio now."
,2026-06-11,V,BUY,10,319.05,3190.50,"Visa is a dominant player in digital payments, and recent market volatility creates an opportunity to buy at favorable prices."
,2026-06-11,GOOGL,BUY,10,357.77,3577.70,"GOOGL has shown resilience in advertising and cloud services, positioning it well for growth in a recovering market."
,2026-06-11,AMZN,BUY,5,241.51,1207.55,"AMZN is leveraging its logistics and e-commerce dominance to capitalize on consumer spending, making it a strong buy for growth."
,2026-06-11,V,BUY,7,319.05,2233.35,"As a leader in the payments industry, V stands to benefit from the ongoing shift towards digital payments, ensuring steady cash flow."
,2026-06-11,MA,BUY,5,486.51,2432.55,MA's position in the growing digital payment landscape and international markets supports its long-term growth potential.
,2026-06-11,META,BUY,10,568.43,5684.30,"Despite recent volatility, META's investment in the metaverse and digital advertising makes it a compelling long-term hold."
,2026-06-11,AAPL,BUY,10,295.63,2956.30,"AAPL has shown resilience and growth potential, especially with recent positive news from analysts despite its current slide."
,2026-06-11,JNJ,BUY,10,238.33,2383.30,"JNJ has been bullish recently and has been mispriced according to market analysis, presenting a strong buying opportunity."
,2026-06-11,PG,BUY,10,148.34,1483.40,"PG is well-positioned in the consumer goods industry and is being well-rated by analysts, making it a stable investment."
,2026-06-11,AAPL,BUY,10,295.63,2956.30,"AAPL has shown resilience and innovation, making it a strong long-term hold as it continues to expand its ecosystem."
,2026-06-11,MSFT,BUY,6,390.34,2342.04,"MSFT's cloud services are growing rapidly, and the company has significant recurring revenue."
,2026-06-11,NVDA,BUY,4,204.87,819.48,"Despite recent pullbacks, NVDA's leadership in AI and gaming positions it well for future growth."
,2026-06-11,AMZN,BUY,5,241.51,1207.55,AMZN is diversifying its revenue streams and has a strong foothold in e-commerce and cloud computing.
,2026-06-11,TSLA,BUY,3,399.15,1197.45,"While recent performance has been volatile, TSLA's position in the EV market and ongoing innovations provide potential for recovery."
,2026-06-11,AAPL,BUY,10,295.63,2956.30,AAPL is showing strong fundamentals and solid growth potential; investing in high-quality growth stocks can stabilize the portfolio.
,2026-06-11,NVDA,BUY,20,204.87,4097.40,NVIDIA has significant growth prospects in AI and gaming sectors; capturing this momentum will help enhance long-term returns.
,2026-06-11,V,BUY,5,319.05,1595.25,"Visa is a leader in digital payments with a strong market position, and with global payment trends shifting, it's a solid addition to the portfolio."
,2026-06-11,MA,BUY,3,486.51,1459.53,Mastercard benefits from the same trends as Visa; investing in both payment giants enhances portfolio diversification.
,2026-06-11,MSFT,BUY,3,390.34,1171.02,Microsoft shows resilience and growth potential in cloud computing and software; adding to this position can balance the tech exposure.
,2026-06-12,AAPL,SELL,10,292.83,2928.30,AAPL has shown a negative return in the last 5 days and engages in price fluctuations; selling may free up capital for better opportunities.
,2026-06-12,WMT,SELL,50,119.74,5987.00,WMT has consistently performed poorly with a recent negative trend; reallocating funds could enhance the portfolio's value.
,2026-06-12,AAPL,BUY,341,292.83,99855.03,"AAPL has strong fundamentals, high brand loyalty, and a consistent revenue stream. Current market sentiment is bullish."
,2026-06-12,NVDA,BUY,483,206.73,99850.59,"NVDA continues to dominate the AI and gaming sectors, with substantial growth potential. Positive market trends are amplifying interest."
,2026-06-12,JNJ,BUY,264,239.26,63164.64,"JNJ is a well-established company in the healthcare sector, making it a stable investment amidst market volatility."
,2026-06-12,AMZN,BUY,105,238.22,25013.10,"AMZN's e-commerce and cloud services continue to grow, and the stock is currently undervalued in light of future prospects."
,2026-06-12,AAPL,SELL,100,291.04,29104.00,"AAPL's recent performance has been weak, with a decline of 5% over 5 days. Liquidity from this sale can be reallocated to more promising opportunities."
,2026-06-12,MSFT,BUY,5,387.11,1935.53,"Although MSFT has seen a downturn, its prospects remain positive with upcoming product launches, providing a chance to enter at a lower price."
,2026-06-12,AAPL,BUY,255,291.04,74215.20,"AAPL has strong fundamentals and continues to innovate. Expectations are positive, making it a safer long-term investment."
,2026-06-12,AMZN,BUY,314,236.74,74334.79,"AMZN is recovering post-pandemic disruptions, with strong growth potential in e-commerce and cloud services."
,2026-06-12,NVDA,BUY,361,204.88,73961.68,"NVDA is positioned well in the growing AI and gaming markets, with strong recent performance."
,2026-06-12,JNJ,BUY,123,239.86,29502.78,"JNJ is a solid holding with stability, and its diversified health care products make it a reliable choice."
,2026-06-12,AAPL,BUY,82,291.13,23872.66,Apple's strong product lineup and robust market position support long-term growth.
,2026-06-12,GOOGL,BUY,66,359.68,23738.88,Google's diversified revenue streams and dominance in digital advertising are poised for continued growth.
,2026-06-12,AMZN,BUY,100,238.55,23855.00,Amazon's recent ventures into new markets and expansion in the cloud computing space indicate strong future performance.
,2026-06-12,NVDA,BUY,116,205.19,23802.04,NVIDIA's leadership in GPU technology and AI applications positions it well for future growth in multiple sectors.
,2026-06-13,NVDA,SELL,30,205.19,6155.70,"Despite being a strong company, current prices are below average cost, and recent negative trends warrant reducing exposure."
,2026-06-13,AAPL,SELL,50,291.13,14556.50,"AAPL has underperformed recently, with negative returns over the last 5 and 30 days, and there are concerns regarding regulatory risks."
,2026-06-13,NVDA,SELL,200,205.19,41038.00,"Currently underperforming relative to peers and showing negative sentiment in market news, freeing up capital to invest in stronger assets."
,2026-06-13,AAPL,BUY,59,291.13,17176.67,"AAPL has shown strong performance and resilience in market fluctuations, making it a solid investment."
,2026-06-13,MSFT,BUY,44,390.74,17192.56,Microsoft's diversification into cloud services and AI positions it well for future growth.
,2026-06-13,JNJ,BUY,72,240.87,17342.64,Johnson & Johnson's stability and strong dividend yield make it an attractive defensive pick.
,2026-06-13,TSLA,BUY,21,406.43,8535.03,"Tesla, as a leader in electric vehicles, has significant growth potential despite recent volatility."
,2026-06-13,AAPL,SELL,10,291.13,2911.30,"AAPL has underperformed its recent highs and shows declining trends in both short-term and long-term returns, indicating a need to reduce exposure in a soft market context."
,2026-06-13,AAPL,SELL,10,291.13,2911.30,AAPL has underperformed with a -3.45% return over the last 5 days and shows a slightly negative outlook. Selling a small portion can help mitigate potential further losses.
,2026-06-13,NVDA,SELL,10,205.19,2051.90,NVDA shows a downward trend with a -1.65% return in the last 5 days. Offloading 10 shares can free capital while reducing exposure to underperforming assets.
,2026-06-13,NVDA,SELL,50,205.19,10259.50,"With NVDA showing a slight decrease in current price compared to its average cost and the recent negativity surrounding its performance, it may be wise to realize some cash and reallocate towards stronger positions or new opportunities."
,2026-06-13,AAPL,SELL,50,291.13,14556.50,AAPL has shown negative performance over the past weeks and has negative returns for both the previous 5-day and 30-day periods. Reducing exposure mitigates the impact of further declines.
,2026-06-13,AAPL,BUY,40,291.13,11645.20,AAPL continues to show strong growth potential with its innovation and expanding market share. The price seems reasonable given its strong fundamentals.
,2026-06-13,NVDA,BUY,28,205.19,5745.32,"NVDA is a leader in the AI and gaming sectors, which are expected to grow significantly. The current price presents a good buying opportunity for future upside."
,2026-06-13,GOOGL,BUY,16,359.68,5754.88,"Despite recent regulatory hurdles, GOOGL's strength in advertising and cloud computing positions it well for growth. Its valuation appears attractive."
,2026-06-13,JNJ,BUY,24,240.87,5780.88,"JNJ has a solid dividend and is a defensive stock in healthcare, making it a great choice during times of uncertainty. Its valuation offers good entry points."
,2026-06-13,AAPL,SELL,20,291.13,5822.60,"AAPL is showing negative returns over the past 5 and 30 days, indicating a potential downward trend. Selling a portion can reduce risk exposure."
,2026-06-13,GOOGL,BUY,5,359.68,1798.40,"GOOGL's current price is stable with a slight positive return over a month, making it a reasonable entry target based on recent performance news."
,2026-06-13,AAPL,SELL,10,291.13,2911.30,"AAPL has shown a negative trend over the past 5 days and 30 days, coupled with market news indicating underperformance and lack of new product excitement which could continue to weigh on the stock price."
,2026-06-26,AAPL,SELL,10,283.78,2837.80,"AAPL is showing a negative 5d return of -7.36% and a 30d return of -10.90%, indicating a declining trend. Selling a portion can help reduce losses while maintaining a position for potential recovery."
,2026-06-26,NVDA,SELL,20,192.53,3850.60,"Similar to AAPL, NVDA has faced a decline of -6.14% in the last 5d and is down -8.99% over 30d. The stock’s underperformance suggests it may be prudent to realize losses to reallocate funds to stronger positions."
,2026-06-26,AAPL,SELL,10,283.78,2837.80,"Apple's stock has decreased significantly, showing a downward trend in both the 5-day and 30-day returns. Considering the current bearish market conditions, it might be prudent to realize some losses now and reduce exposure."
,2026-06-26,NVDA,SELL,20,192.53,3850.60,"NVIDIA is also experiencing a downward trend, with recent news indicating significant concerns in the tech sector. Selling now could prevent additional losses as the market continues to show bearish signals."
,2026-06-26,AAPL,BUY,37,283.78,10499.86,AAPL has strong fundamentals and is seen as a leader in technology innovation; a solid long-term hold.
,2026-06-26,MSFT,BUY,28,372.97,10443.16,"MSFT continues to show robust growth in cloud computing and AI, making it a strategic buy."
,2026-06-26,NVDA,BUY,54,192.53,10396.62,"NVDA is leading in AI and gaming technology, and it's expected to benefit from the ongoing tech boom."
,2026-06-26,GOOGL,BUY,15,337.39,5060.85,Google's strong ad revenue and diversification into AI make it a sound investment.
run_20260629T171822Z_062ca9d3,2026-06-29,AAPL,SELL,50,280.95,14047.25,AAPL's recent underperformance over 30 days (-7.96%) suggests it may be wise to divest a portion before further declines.
run_20260629T171822Z_062ca9d3,2026-06-29,NVDA,SELL,100,194.71,19471.00,"The stock has experienced a significant decline and remains below cost basis, and cash can be better utilized in more stable holdings."
run_20260630T164154Z_797a4851,2026-06-30,AAPL,SELL,50,288.52,14426.25,"AAPL is showing negative short-term indicators, including recent declines and negative news sentiment surrounding data leaks. Selling a portion mitigates exposure."
run_20260630T164154Z_797a4851,2026-06-30,PG,SELL,30,146.17,4385.10,"PG has not recovered from recent price declines, and market narratives suggest it may be overvalued at current levels."
run_20260630T164154Z_797a4851,2026-06-30,AAPL,BUY,45,288.52,12983.62,AAPL has shown strong growth prospects with consistent earnings and innovation. Recent market momentum supports further investment.
run_20260630T164154Z_797a4851,2026-06-30,NVDA,BUY,65,197.81,12857.65,"With the rise in AI and gaming sectors, NVDA is well-positioned for growth. Its recent performance indicates strong demand."
run_20260630T164154Z_797a4851,2026-06-30,AMZN,BUY,54,240.89,13008.06,"AMZN continues to dominate in e-commerce and cloud computing, making it a solid choice for long-term growth."
run_20260630T164154Z_797a4851,2026-06-30,TSLA,BUY,15,417.38,6260.62,"TSLA's recent advancements in EV technology solidify its market leadership, although its high valuation adds some risk."
run_20260701T172450Z_15341e0f,2026-07-01,NVDA,SELL,50,198.36,9918.00,"Despite its long-term potential, NVDA has not performed well recently, and it's wise to reduce exposure in light of current market sentiment and news indicating short-term pressures."
run_20260701T172450Z_15341e0f,2026-07-01,PG,SELL,30,146.49,4394.85,PG is underperforming with a negative 30d return and might be better utilized as cash for other opportunities.
run_20260703T164732Z_152c681b,2026-07-03,NVDA,SELL,50,194.83,9741.50,Nvidia continues to underperform based on market context and news indicating struggle below key price levels. This positions us to secure some cash back and reduce exposure.
run_20260703T164732Z_152c681b,2026-07-03,TSLA,SELL,10,393.45,3934.50,"Despite strong delivery reports, Tesla faces pressure from the market's overall volatility. Selling a portion allows us to mitigate losses."
run_20260703T195307Z_3d22e07c,2026-07-03,NVDA,SELL,50,194.83,9741.50,Nvidia has been consistently underperforming below key price levels and requires pruning to enhance the overall portfolio strength.
run_20260703T195307Z_3d22e07c,2026-07-03,TSLA,SELL,10,393.45,3934.50,Tesla's significant drop despite better delivery reports and ongoing market volatility warrants reduction of exposure.
run_20260703T195307Z_3d22e07c,2026-07-03,AAPL,BUY,37,308.63,11419.31,"AAPL has shown consistent growth and innovation, making it a strong addition to the portfolio."
run_20260703T195307Z_3d22e07c,2026-07-03,NVDA,BUY,58,194.83,11300.14,"With increasing demand for AI and gaming, NVDA remains a strong performer and has potential for further upside."
run_20260703T195307Z_3d22e07c,2026-07-03,TSLA,BUY,29,393.45,11410.05,TSLA continues to lead in electric vehicles and has a strong brand presence in a growing market.
run_20260703T195307Z_3d22e07c,2026-07-03,AMZN,BUY,23,242.67,5581.41,AMZN's diversified business model and growth in e-commerce and cloud services present a solid investment opportunity.
run_20260706T175254Z_475fbe5a,2026-07-06,AAPL,BUY,20,312.44,6248.80,"AAPL has shown strong growth momentum amidst a challenging market, indicating potential for continued appreciation. Increasing our position capitalizes on this strength."
run_20260707T172833Z_083605f1,2026-07-07,AAPL,BUY,10,312.83,3128.35,"Given AAPL's strong growth indicators and positive news surrounding its buyback strategy, it's prudent to increase exposure."
run_20260708T165228Z_f044bd57,2026-07-08,AAPL,BUY,15,313.02,4695.30,"AAPL shows consistent short-term momentum, strong analyst price targets, and robust demand indications despite price hikes, presenting a good opportunity to increase exposure selectively."
run_20260708T165228Z_f044bd57,2026-07-08,NVDA,SELL,100,200.29,20028.50,NVDA continues to decline with negative news on delayed AI development and valuation reset. Recent history shows repeated pruning to manage risk. Further reduction enhances portfolio resilience amid ongoing uncertainty.
run_20260708T165228Z_f044bd57,2026-07-08,TSLA,SELL,20,394.92,7898.40,TSLA shows recent negative momentum and pressure from market volatility despite positive merger potential. Reducing exposure helps mitigate risk from weakening trend and sector headwinds.
run_20260709T172805Z_ddf78936,2026-07-09,AAPL,BUY,10,314.76,3147.60,"AAPL shows sustained positive momentum, strong buyback commitments, and bullish support from influential investors, making it a high-conviction position to incrementally increase."
run_20260713T172500Z_09fc0699,2026-07-13,TSLA,SELL,10,393.30,3933.00,TSLA shows negative momentum and an ongoing decline in value reflecting sector and company-specific pressures. Trimming reduces exposure to a weakening position consistent with previous risk lessons.
